{"cameraMode":{"drawMode":0,"name":"Shaded","section":"Shading Mode"},"sceneLighting":false,"audioPlay":false,"sceneViewState":{"showFog":true,"showMaterialUpdate":false,"showSkybox":false,"showFlares":true,"showImageEffects":true,"showParticleSystems":true},"in2DMode":false,"pivot":{"x":141.63790893554688,"y":2.7420618534088136,"z":148.39703369140626},"rotation":{"x":0.0453207865357399,"y":0.8159911036491394,"z":-0.06448602676391602,"w":0.5727182626724243},"size":10.342279434204102,"orthographic":false}