{"cameraMode":{"drawMode":0,"name":"Shaded","section":"Shading Mode"},"sceneLighting":true,"audioPlay":false,"sceneViewState":{"showFog":true,"showMaterialUpdate":false,"showSkybox":true,"showFlares":true,"showImageEffects":true,"showParticleSystems":true},"in2DMode":false,"pivot":{"x":129.4365234375,"y":-24.317440032958986,"z":120.01526641845703},"rotation":{"x":0.006808056496083736,"y":0.8913133144378662,"z":-0.45320314168930056,"w":0.013347354717552662},"size":33.61589813232422,"orthographic":false}