{"cameraMode":{"drawMode":0,"name":"Shaded","section":"Shading Mode"},"sceneLighting":false,"audioPlay":false,"sceneViewState":{"showFog":true,"showMaterialUpdate":false,"showSkybox":false,"showFlares":true,"showImageEffects":true,"showParticleSystems":true},"in2DMode":false,"pivot":{"x":141.63999938964845,"y":2.662693977355957,"z":148.75999450683595},"rotation":{"x":0.4373955726623535,"y":-0.30159592628479006,"z":0.15855449438095094,"w":0.8322513699531555},"size":3.4603333473205568,"orthographic":false}