{"cameraMode":{"drawMode":0,"name":"Shaded","section":"Shading Mode"},"sceneLighting":true,"audioPlay":false,"sceneViewState":{"showFog":true,"showMaterialUpdate":false,"showSkybox":true,"showFlares":true,"showImageEffects":true,"showParticleSystems":true},"in2DMode":false,"pivot":{"x":99.61275482177735,"y":0.9090423583984375,"z":115.84165954589844},"rotation":{"x":0.23162691295146943,"y":-0.43157026171684267,"z":0.11571285128593445,"w":0.8641543388366699},"size":18.78213119506836,"orthographic":false}