{"cameraMode":{"drawMode":0,"name":"Shaded","section":"Shading Mode"},"sceneLighting":false,"audioPlay":false,"sceneViewState":{"showFog":true,"showMaterialUpdate":false,"showSkybox":false,"showFlares":true,"showImageEffects":true,"showParticleSystems":true},"in2DMode":false,"pivot":{"x":127.37455749511719,"y":2.4890799522399904,"z":117.14311218261719},"rotation":{"x":-0.0014915013452991844,"y":0.9885470271110535,"z":-0.009785095229744912,"w":-0.15062184631824494},"size":3.7231123447418215,"orthographic":false}